-60.0 ,  -20.0 ,  1088
-60.0 ,  -19.0 ,  1105
-60.0 ,  -18.0 ,  1165
-60.0 ,  -17.0 ,  1166
-60.0 ,  -16.0 ,  933
-60.0 ,  -15.0 ,  947
-60.0 ,  -14.0 ,  1105
-60.0 ,  -13.0 ,  1119
-60.0 ,  -12.0 ,  1037
-60.0 ,  -11.0 ,  1174
-60.0 ,  -10.0 ,  1110
-60.0 ,  -9.0 ,  996
-60.0 ,  -8.0 ,  996
-60.0 ,  -7.0 ,  984
-60.0 ,  -6.0 ,  1012
-60.0 ,  -5.0 ,  1041
-60.0 ,  -4.0 ,  1135
-60.0 ,  -3.0 ,  1098
-60.0 ,  -2.0 ,  1197
-60.0 ,  -1.0 ,  1285
-60.0 ,  0.0 ,  1113
-60.0 ,  1.0 ,  1187
-60.0 ,  2.0 ,  1159
-60.0 ,  3.0 ,  1208
-60.0 ,  4.0 ,  1206
-60.0 ,  5.0 ,  1091
-60.0 ,  6.0 ,  1098
-60.0 ,  7.0 ,  1155
-60.0 ,  8.0 ,  1170
-60.0 ,  9.0 ,  1024
-60.0 ,  10.0 ,  965
-60.0 ,  11.0 ,  984
-60.0 ,  12.0 ,  1135
-60.0 ,  13.0 ,  1188
-60.0 ,  14.0 ,  1224
-60.0 ,  15.0 ,  1113
-60.0 ,  16.0 ,  934
-60.0 ,  17.0 ,  1045
-60.0 ,  18.0 ,  956
-60.0 ,  19.0 ,  1049

-59.0 ,  -20.0 ,  1284
-59.0 ,  -19.0 ,  1260
-59.0 ,  -18.0 ,  1268
-59.0 ,  -17.0 ,  1055
-59.0 ,  -16.0 ,  1214
-59.0 ,  -15.0 ,  1133
-59.0 ,  -14.0 ,  1133
-59.0 ,  -13.0 ,  1046
-59.0 ,  -12.0 ,  1070
-59.0 ,  -11.0 ,  1070
-59.0 ,  -10.0 ,  1130
-59.0 ,  -9.0 ,  1038
-59.0 ,  -8.0 ,  1117
-59.0 ,  -7.0 ,  1045
-59.0 ,  -6.0 ,  1100
-59.0 ,  -5.0 ,  1224
-59.0 ,  -4.0 ,  1150
-59.0 ,  -3.0 ,  1150
-59.0 ,  -2.0 ,  1038
-59.0 ,  -1.0 ,  1038
-59.0 ,  0.0 ,  1164
-59.0 ,  1.0 ,  1014
-59.0 ,  2.0 ,  1015
-59.0 ,  3.0 ,  1158
-59.0 ,  4.0 ,  1208
-59.0 ,  5.0 ,  1035
-59.0 ,  6.0 ,  1187
-59.0 ,  7.0 ,  1155
-59.0 ,  8.0 ,  1176
-59.0 ,  9.0 ,  1056
-59.0 ,  10.0 ,  981
-59.0 ,  11.0 ,  1133
-59.0 ,  12.0 ,  1108
-59.0 ,  13.0 ,  1213
-59.0 ,  14.0 ,  1113
-59.0 ,  15.0 ,  1148
-59.0 ,  16.0 ,  1103
-59.0 ,  17.0 ,  1090
-59.0 ,  18.0 ,  1013
-59.0 ,  19.0 ,  1019

-58.0 ,  -20.0 ,  1193
-58.0 ,  -19.0 ,  1184
-58.0 ,  -18.0 ,  1168
-58.0 ,  -17.0 ,  1152
-58.0 ,  -16.0 ,  1185
-58.0 ,  -15.0 ,  1116
-58.0 ,  -14.0 ,  1116
-58.0 ,  -13.0 ,  1113
-58.0 ,  -12.0 ,  1107
-58.0 ,  -11.0 ,  1174
-58.0 ,  -10.0 ,  1130
-58.0 ,  -9.0 ,  1117
-58.0 ,  -8.0 ,  1115
-58.0 ,  -7.0 ,  1046
-58.0 ,  -6.0 ,  1039
-58.0 ,  -5.0 ,  1074
-58.0 ,  -4.0 ,  1048
-58.0 ,  -3.0 ,  1171
-58.0 ,  -2.0 ,  1160
-58.0 ,  -1.0 ,  1170
-58.0 ,  0.0 ,  1125
-58.0 ,  1.0 ,  1128
-58.0 ,  2.0 ,  1125
-58.0 ,  3.0 ,  1086
-58.0 ,  4.0 ,  1064
-58.0 ,  5.0 ,  1150
-58.0 ,  6.0 ,  1199
-58.0 ,  7.0 ,  1206
-58.0 ,  8.0 ,  1127
-58.0 ,  9.0 ,  1067
-58.0 ,  10.0 ,  1040
-58.0 ,  11.0 ,  1083
-58.0 ,  12.0 ,  1031
-58.0 ,  13.0 ,  1183
-58.0 ,  14.0 ,  1103
-58.0 ,  15.0 ,  1110
-58.0 ,  16.0 ,  1100
-58.0 ,  17.0 ,  1090
-58.0 ,  18.0 ,  1044
-58.0 ,  19.0 ,  1004

-57.0 ,  -20.0 ,  1076
-57.0 ,  -19.0 ,  1046
-57.0 ,  -18.0 ,  1168
-57.0 ,  -17.0 ,  1104
-57.0 ,  -16.0 ,  1096
-57.0 ,  -15.0 ,  1167
-57.0 ,  -14.0 ,  1099
-57.0 ,  -13.0 ,  1121
-57.0 ,  -12.0 ,  1107
-57.0 ,  -11.0 ,  1084
-57.0 ,  -10.0 ,  1238
-57.0 ,  -9.0 ,  1182
-57.0 ,  -8.0 ,  1172
-57.0 ,  -7.0 ,  1153
-57.0 ,  -6.0 ,  1074
-57.0 ,  -5.0 ,  1177
-57.0 ,  -4.0 ,  1199
-57.0 ,  -3.0 ,  1199
-57.0 ,  -2.0 ,  1181
-57.0 ,  -1.0 ,  1194
-57.0 ,  0.0 ,  1201
-57.0 ,  1.0 ,  1189
-57.0 ,  2.0 ,  1105
-57.0 ,  3.0 ,  1105
-57.0 ,  4.0 ,  1081
-57.0 ,  5.0 ,  1144
-57.0 ,  6.0 ,  1006
-57.0 ,  7.0 ,  1107
-57.0 ,  8.0 ,  1130
-57.0 ,  9.0 ,  1192
-57.0 ,  10.0 ,  1183
-57.0 ,  11.0 ,  1204
-57.0 ,  12.0 ,  1303
-57.0 ,  13.0 ,  1204
-57.0 ,  14.0 ,  1100
-57.0 ,  15.0 ,  1096
-57.0 ,  16.0 ,  1096
-57.0 ,  17.0 ,  1072
-57.0 ,  18.0 ,  940
-57.0 ,  19.0 ,  940

-56.0 ,  -20.0 ,  1126
-56.0 ,  -19.0 ,  1193
-56.0 ,  -18.0 ,  1151
-56.0 ,  -17.0 ,  1135
-56.0 ,  -16.0 ,  1048
-56.0 ,  -15.0 ,  1048
-56.0 ,  -14.0 ,  1046
-56.0 ,  -13.0 ,  1131
-56.0 ,  -12.0 ,  1154
-56.0 ,  -11.0 ,  1083
-56.0 ,  -10.0 ,  1101
-56.0 ,  -9.0 ,  1182
-56.0 ,  -8.0 ,  1088
-56.0 ,  -7.0 ,  1039
-56.0 ,  -6.0 ,  1039
-56.0 ,  -5.0 ,  1099
-56.0 ,  -4.0 ,  1198
-56.0 ,  -3.0 ,  1144
-56.0 ,  -2.0 ,  1247
-56.0 ,  -1.0 ,  1196
-56.0 ,  0.0 ,  1196
-56.0 ,  1.0 ,  1255
-56.0 ,  2.0 ,  1210
-56.0 ,  3.0 ,  1147
-56.0 ,  4.0 ,  1052
-56.0 ,  5.0 ,  1048
-56.0 ,  6.0 ,  1083
-56.0 ,  7.0 ,  1083
-56.0 ,  8.0 ,  1124
-56.0 ,  9.0 ,  1141
-56.0 ,  10.0 ,  1270
-56.0 ,  11.0 ,  1273
-56.0 ,  12.0 ,  1278
-56.0 ,  13.0 ,  1113
-56.0 ,  14.0 ,  1000
-56.0 ,  15.0 ,  1072
-56.0 ,  16.0 ,  1072
-56.0 ,  17.0 ,  1072
-56.0 ,  18.0 ,  1111
-56.0 ,  19.0 ,  1111

-55.0 ,  -20.0 ,  1109
-55.0 ,  -19.0 ,  1034
-55.0 ,  -18.0 ,  1037
-55.0 ,  -17.0 ,  1056
-55.0 ,  -16.0 ,  1067
-55.0 ,  -15.0 ,  1056
-55.0 ,  -14.0 ,  1008
-55.0 ,  -13.0 ,  988
-55.0 ,  -12.0 ,  1115
-55.0 ,  -11.0 ,  872
-55.0 ,  -10.0 ,  937
-55.0 ,  -9.0 ,  962
-55.0 ,  -8.0 ,  1080
-55.0 ,  -7.0 ,  1021
-55.0 ,  -6.0 ,  1018
-55.0 ,  -5.0 ,  1158
-55.0 ,  -4.0 ,  1248
-55.0 ,  -3.0 ,  1173
-55.0 ,  -2.0 ,  1158
-55.0 ,  -1.0 ,  1158
-55.0 ,  0.0 ,  1137
-55.0 ,  1.0 ,  1293
-55.0 ,  2.0 ,  1152
-55.0 ,  3.0 ,  1141
-55.0 ,  4.0 ,  1081
-55.0 ,  5.0 ,  1119
-55.0 ,  6.0 ,  1084
-55.0 ,  7.0 ,  1151
-55.0 ,  8.0 ,  1151
-55.0 ,  9.0 ,  1151
-55.0 ,  10.0 ,  1237
-55.0 ,  11.0 ,  1065
-55.0 ,  12.0 ,  1237
-55.0 ,  13.0 ,  988
-55.0 ,  14.0 ,  924
-55.0 ,  15.0 ,  976
-55.0 ,  16.0 ,  1108
-55.0 ,  17.0 ,  1108
-55.0 ,  18.0 ,  1154
-55.0 ,  19.0 ,  1144

-54.0 ,  -20.0 ,  1078
-54.0 ,  -19.0 ,  1140
-54.0 ,  -18.0 ,  1140
-54.0 ,  -17.0 ,  1074
-54.0 ,  -16.0 ,  1085
-54.0 ,  -15.0 ,  1049
-54.0 ,  -14.0 ,  1028
-54.0 ,  -13.0 ,  981
-54.0 ,  -12.0 ,  1068
-54.0 ,  -11.0 ,  1120
-54.0 ,  -10.0 ,  1140
-54.0 ,  -9.0 ,  1140
-54.0 ,  -8.0 ,  972
-54.0 ,  -7.0 ,  972
-54.0 ,  -6.0 ,  979
-54.0 ,  -5.0 ,  1114
-54.0 ,  -4.0 ,  1170
-54.0 ,  -3.0 ,  1093
-54.0 ,  -2.0 ,  1060
-54.0 ,  -1.0 ,  1243
-54.0 ,  0.0 ,  1137
-54.0 ,  1.0 ,  1293
-54.0 ,  2.0 ,  1273
-54.0 ,  3.0 ,  1220
-54.0 ,  4.0 ,  1052
-54.0 ,  5.0 ,  1084
-54.0 ,  6.0 ,  1025
-54.0 ,  7.0 ,  1033
-54.0 ,  8.0 ,  1131
-54.0 ,  9.0 ,  1141
-54.0 ,  10.0 ,  1169
-54.0 ,  11.0 ,  1169
-54.0 ,  12.0 ,  1169
-54.0 ,  13.0 ,  1003
-54.0 ,  14.0 ,  1145
-54.0 ,  15.0 ,  1069
-54.0 ,  16.0 ,  1100
-54.0 ,  17.0 ,  1055
-54.0 ,  18.0 ,  1146
-54.0 ,  19.0 ,  1144

-53.0 ,  -20.0 ,  1120
-53.0 ,  -19.0 ,  1177
-53.0 ,  -18.0 ,  1120
-53.0 ,  -17.0 ,  1170
-53.0 ,  -16.0 ,  1247
-53.0 ,  -15.0 ,  1162
-53.0 ,  -14.0 ,  1155
-53.0 ,  -13.0 ,  981
-53.0 ,  -12.0 ,  1115
-53.0 ,  -11.0 ,  1089
-53.0 ,  -10.0 ,  1172
-53.0 ,  -9.0 ,  1317
-53.0 ,  -8.0 ,  1226
-53.0 ,  -7.0 ,  1018
-53.0 ,  -6.0 ,  1025
-53.0 ,  -5.0 ,  1132
-53.0 ,  -4.0 ,  1241
-53.0 ,  -3.0 ,  1093
-53.0 ,  -2.0 ,  1257
-53.0 ,  -1.0 ,  1155
-53.0 ,  0.0 ,  1197
-53.0 ,  1.0 ,  1141
-53.0 ,  2.0 ,  1152
-53.0 ,  3.0 ,  1132
-53.0 ,  4.0 ,  1106
-53.0 ,  5.0 ,  1078
-53.0 ,  6.0 ,  1106
-53.0 ,  7.0 ,  1074
-53.0 ,  8.0 ,  1172
-53.0 ,  9.0 ,  1270
-53.0 ,  10.0 ,  1169
-53.0 ,  11.0 ,  1169
-53.0 ,  12.0 ,  1071
-53.0 ,  13.0 ,  1038
-53.0 ,  14.0 ,  1088
-53.0 ,  15.0 ,  1051
-53.0 ,  16.0 ,  1041
-53.0 ,  17.0 ,  1064
-53.0 ,  18.0 ,  1146
-53.0 ,  19.0 ,  1144

-52.0 ,  -20.0 ,  1166
-52.0 ,  -19.0 ,  1136
-52.0 ,  -18.0 ,  1117
-52.0 ,  -17.0 ,  1087
-52.0 ,  -16.0 ,  1160
-52.0 ,  -15.0 ,  1159
-52.0 ,  -14.0 ,  1171
-52.0 ,  -13.0 ,  1215
-52.0 ,  -12.0 ,  1252
-52.0 ,  -11.0 ,  1156
-52.0 ,  -10.0 ,  1237
-52.0 ,  -9.0 ,  1085
-52.0 ,  -8.0 ,  1197
-52.0 ,  -7.0 ,  1268
-52.0 ,  -6.0 ,  1144
-52.0 ,  -5.0 ,  1245
-52.0 ,  -4.0 ,  1342
-52.0 ,  -3.0 ,  1292
-52.0 ,  -2.0 ,  1221
-52.0 ,  -1.0 ,  1211
-52.0 ,  0.0 ,  1218
-52.0 ,  1.0 ,  1159
-52.0 ,  2.0 ,  1258
-52.0 ,  3.0 ,  1139
-52.0 ,  4.0 ,  1204
-52.0 ,  5.0 ,  1209
-52.0 ,  6.0 ,  1084
-52.0 ,  7.0 ,  1139
-52.0 ,  8.0 ,  1179
-52.0 ,  9.0 ,  1270
-52.0 ,  10.0 ,  1245
-52.0 ,  11.0 ,  1246
-52.0 ,  12.0 ,  1141
-52.0 ,  13.0 ,  1044
-52.0 ,  14.0 ,  1044
-52.0 ,  15.0 ,  1006
-52.0 ,  16.0 ,  1041
-52.0 ,  17.0 ,  1060
-52.0 ,  18.0 ,  1049
-52.0 ,  19.0 ,  1025

-51.0 ,  -20.0 ,  1153
-51.0 ,  -19.0 ,  1142
-51.0 ,  -18.0 ,  988
-51.0 ,  -17.0 ,  1147
-51.0 ,  -16.0 ,  1047
-51.0 ,  -15.0 ,  1190
-51.0 ,  -14.0 ,  1190
-51.0 ,  -13.0 ,  1325
-51.0 ,  -12.0 ,  1373
-51.0 ,  -11.0 ,  1248
-51.0 ,  -10.0 ,  1357
-51.0 ,  -9.0 ,  1237
-51.0 ,  -8.0 ,  1224
-51.0 ,  -7.0 ,  1057
-51.0 ,  -6.0 ,  1232
-51.0 ,  -5.0 ,  1245
-51.0 ,  -4.0 ,  1342
-51.0 ,  -3.0 ,  1292
-51.0 ,  -2.0 ,  1141
-51.0 ,  -1.0 ,  1127
-51.0 ,  0.0 ,  1072
-51.0 ,  1.0 ,  1159
-51.0 ,  2.0 ,  1159
-51.0 ,  3.0 ,  1097
-51.0 ,  4.0 ,  1229
-51.0 ,  5.0 ,  1143
-51.0 ,  6.0 ,  1078
-51.0 ,  7.0 ,  1065
-51.0 ,  8.0 ,  1026
-51.0 ,  9.0 ,  1302
-51.0 ,  10.0 ,  1296
-51.0 ,  11.0 ,  1258
-51.0 ,  12.0 ,  1136
-51.0 ,  13.0 ,  1118
-51.0 ,  14.0 ,  908
-51.0 ,  15.0 ,  916
-51.0 ,  16.0 ,  1017
-51.0 ,  17.0 ,  1064
-51.0 ,  18.0 ,  1001
-51.0 ,  19.0 ,  1160

-50.0 ,  -20.0 ,  1183
-50.0 ,  -19.0 ,  1108
-50.0 ,  -18.0 ,  1232
-50.0 ,  -17.0 ,  1071
-50.0 ,  -16.0 ,  1155
-50.0 ,  -15.0 ,  1259
-50.0 ,  -14.0 ,  1315
-50.0 ,  -13.0 ,  1316
-50.0 ,  -12.0 ,  1333
-50.0 ,  -11.0 ,  1362
-50.0 ,  -10.0 ,  1237
-50.0 ,  -9.0 ,  1237
-50.0 ,  -8.0 ,  1195
-50.0 ,  -7.0 ,  1262
-50.0 ,  -6.0 ,  1232
-50.0 ,  -5.0 ,  1289
-50.0 ,  -4.0 ,  1324
-50.0 ,  -3.0 ,  1478
-50.0 ,  -2.0 ,  1186
-50.0 ,  -1.0 ,  1170
-50.0 ,  0.0 ,  1142
-50.0 ,  1.0 ,  1268
-50.0 ,  2.0 ,  1226
-50.0 ,  3.0 ,  1120
-50.0 ,  4.0 ,  1144
-50.0 ,  5.0 ,  1152
-50.0 ,  6.0 ,  1054
-50.0 ,  7.0 ,  1094
-50.0 ,  8.0 ,  1179
-50.0 ,  9.0 ,  1448
-50.0 ,  10.0 ,  1303
-50.0 ,  11.0 ,  1284
-50.0 ,  12.0 ,  1284
-50.0 ,  13.0 ,  1243
-50.0 ,  14.0 ,  961
-50.0 ,  15.0 ,  1020
-50.0 ,  16.0 ,  1130
-50.0 ,  17.0 ,  1133
-50.0 ,  18.0 ,  1049
-50.0 ,  19.0 ,  1092

-49.0 ,  -20.0 ,  1216
-49.0 ,  -19.0 ,  1205
-49.0 ,  -18.0 ,  1136
-49.0 ,  -17.0 ,  1071
-49.0 ,  -16.0 ,  1095
-49.0 ,  -15.0 ,  1259
-49.0 ,  -14.0 ,  1271
-49.0 ,  -13.0 ,  1287
-49.0 ,  -12.0 ,  1325
-49.0 ,  -11.0 ,  1292
-49.0 ,  -10.0 ,  1392
-49.0 ,  -9.0 ,  1368
-49.0 ,  -8.0 ,  1319
-49.0 ,  -7.0 ,  1292
-49.0 ,  -6.0 ,  1219
-49.0 ,  -5.0 ,  1227
-49.0 ,  -4.0 ,  1304
-49.0 ,  -3.0 ,  1360
-49.0 ,  -2.0 ,  1418
-49.0 ,  -1.0 ,  1299
-49.0 ,  0.0 ,  1342
-49.0 ,  1.0 ,  1351
-49.0 ,  2.0 ,  1348
-49.0 ,  3.0 ,  1158
-49.0 ,  4.0 ,  1150
-49.0 ,  5.0 ,  1104
-49.0 ,  6.0 ,  1076
-49.0 ,  7.0 ,  1251
-49.0 ,  8.0 ,  1225
-49.0 ,  9.0 ,  1153
-49.0 ,  10.0 ,  1208
-49.0 ,  11.0 ,  1311
-49.0 ,  12.0 ,  1311
-49.0 ,  13.0 ,  1208
-49.0 ,  14.0 ,  1188
-49.0 ,  15.0 ,  1188
-49.0 ,  16.0 ,  1044
-49.0 ,  17.0 ,  1148
-49.0 ,  18.0 ,  1114
-49.0 ,  19.0 ,  1096

-48.0 ,  -20.0 ,  1216
-48.0 ,  -19.0 ,  1147
-48.0 ,  -18.0 ,  1108
-48.0 ,  -17.0 ,  1071
-48.0 ,  -16.0 ,  1186
-48.0 ,  -15.0 ,  1186
-48.0 ,  -14.0 ,  1377
-48.0 ,  -13.0 ,  1486
-48.0 ,  -12.0 ,  1550
-48.0 ,  -11.0 ,  1551
-48.0 ,  -10.0 ,  1561
-48.0 ,  -9.0 ,  1548
-48.0 ,  -8.0 ,  1256
-48.0 ,  -7.0 ,  1231
-48.0 ,  -6.0 ,  1293
-48.0 ,  -5.0 ,  1396
-48.0 ,  -4.0 ,  1563
-48.0 ,  -3.0 ,  1604
-48.0 ,  -2.0 ,  1510
-48.0 ,  -1.0 ,  1395
-48.0 ,  0.0 ,  1343
-48.0 ,  1.0 ,  1445
-48.0 ,  2.0 ,  1436
-48.0 ,  3.0 ,  1291
-48.0 ,  4.0 ,  1285
-48.0 ,  5.0 ,  1207
-48.0 ,  6.0 ,  1251
-48.0 ,  7.0 ,  1343
-48.0 ,  8.0 ,  1359
-48.0 ,  9.0 ,  1373
-48.0 ,  10.0 ,  1306
-48.0 ,  11.0 ,  1288
-48.0 ,  12.0 ,  1236
-48.0 ,  13.0 ,  1319
-48.0 ,  14.0 ,  1247
-48.0 ,  15.0 ,  1176
-48.0 ,  16.0 ,  1143
-48.0 ,  17.0 ,  1114
-48.0 ,  18.0 ,  1136
-48.0 ,  19.0 ,  1079

-47.0 ,  -20.0 ,  1191
-47.0 ,  -19.0 ,  1133
-47.0 ,  -18.0 ,  1132
-47.0 ,  -17.0 ,  1160
-47.0 ,  -16.0 ,  1241
-47.0 ,  -15.0 ,  1285
-47.0 ,  -14.0 ,  1503
-47.0 ,  -13.0 ,  1433
-47.0 ,  -12.0 ,  1433
-47.0 ,  -11.0 ,  1382
-47.0 ,  -10.0 ,  1401
-47.0 ,  -9.0 ,  1482
-47.0 ,  -8.0 ,  1564
-47.0 ,  -7.0 ,  1647
-47.0 ,  -6.0 ,  1690
-47.0 ,  -5.0 ,  1864
-47.0 ,  -4.0 ,  1675
-47.0 ,  -3.0 ,  1905
-47.0 ,  -2.0 ,  1834
-47.0 ,  -1.0 ,  1777
-47.0 ,  0.0 ,  1647
-47.0 ,  1.0 ,  1629
-47.0 ,  2.0 ,  1599
-47.0 ,  3.0 ,  1485
-47.0 ,  4.0 ,  1395
-47.0 ,  5.0 ,  1227
-47.0 ,  6.0 ,  1268
-47.0 ,  7.0 ,  1450
-47.0 ,  8.0 ,  1450
-47.0 ,  9.0 ,  1534
-47.0 ,  10.0 ,  1373
-47.0 ,  11.0 ,  1297
-47.0 ,  12.0 ,  1296
-47.0 ,  13.0 ,  1240
-47.0 ,  14.0 ,  1133
-47.0 ,  15.0 ,  1095
-47.0 ,  16.0 ,  1055
-47.0 ,  17.0 ,  1072
-47.0 ,  18.0 ,  1044
-47.0 ,  19.0 ,  1051

-46.0 ,  -20.0 ,  1241
-46.0 ,  -19.0 ,  1209
-46.0 ,  -18.0 ,  1327
-46.0 ,  -17.0 ,  1296
-46.0 ,  -16.0 ,  1341
-46.0 ,  -15.0 ,  1513
-46.0 ,  -14.0 ,  1553
-46.0 ,  -13.0 ,  1674
-46.0 ,  -12.0 ,  1781
-46.0 ,  -11.0 ,  1642
-46.0 ,  -10.0 ,  1837
-46.0 ,  -9.0 ,  1837
-46.0 ,  -8.0 ,  1773
-46.0 ,  -7.0 ,  1932
-46.0 ,  -6.0 ,  2027
-46.0 ,  -5.0 ,  2070
-46.0 ,  -4.0 ,  2143
-46.0 ,  -3.0 ,  2043
-46.0 ,  -2.0 ,  2177
-46.0 ,  -1.0 ,  1969
-46.0 ,  0.0 ,  1918
-46.0 ,  1.0 ,  1839
-46.0 ,  2.0 ,  1795
-46.0 ,  3.0 ,  1641
-46.0 ,  4.0 ,  1629
-46.0 ,  5.0 ,  1494
-46.0 ,  6.0 ,  1670
-46.0 ,  7.0 ,  1602
-46.0 ,  8.0 ,  1544
-46.0 ,  9.0 ,  1450
-46.0 ,  10.0 ,  1338
-46.0 ,  11.0 ,  1297
-46.0 ,  12.0 ,  1296
-46.0 ,  13.0 ,  1201
-46.0 ,  14.0 ,  1134
-46.0 ,  15.0 ,  1013
-46.0 ,  16.0 ,  1001
-46.0 ,  17.0 ,  1049
-46.0 ,  18.0 ,  1072
-46.0 ,  19.0 ,  1051

-45.0 ,  -20.0 ,  1263
-45.0 ,  -19.0 ,  1245
-45.0 ,  -18.0 ,  1391
-45.0 ,  -17.0 ,  1418
-45.0 ,  -16.0 ,  1448
-45.0 ,  -15.0 ,  1503
-45.0 ,  -14.0 ,  1503
-45.0 ,  -13.0 ,  1550
-45.0 ,  -12.0 ,  1609
-45.0 ,  -11.0 ,  1862
-45.0 ,  -10.0 ,  1874
-45.0 ,  -9.0 ,  2083
-45.0 ,  -8.0 ,  2124
-45.0 ,  -7.0 ,  2555
-45.0 ,  -6.0 ,  2621
-45.0 ,  -5.0 ,  2661
-45.0 ,  -4.0 ,  2517
-45.0 ,  -3.0 ,  2426
-45.0 ,  -2.0 ,  2302
-45.0 ,  -1.0 ,  2265
-45.0 ,  0.0 ,  2120
-45.0 ,  1.0 ,  2026
-45.0 ,  2.0 ,  2008
-45.0 ,  3.0 ,  1808
-45.0 ,  4.0 ,  1777
-45.0 ,  5.0 ,  1677
-45.0 ,  6.0 ,  1659
-45.0 ,  7.0 ,  1621
-45.0 ,  8.0 ,  1505
-45.0 ,  9.0 ,  1411
-45.0 ,  10.0 ,  1404
-45.0 ,  11.0 ,  1314
-45.0 ,  12.0 ,  1227
-45.0 ,  13.0 ,  1067
-45.0 ,  14.0 ,  1079
-45.0 ,  15.0 ,  916
-45.0 ,  16.0 ,  915
-45.0 ,  17.0 ,  916
-45.0 ,  18.0 ,  1111
-45.0 ,  19.0 ,  1157

-44.0 ,  -20.0 ,  1263
-44.0 ,  -19.0 ,  1277
-44.0 ,  -18.0 ,  1324
-44.0 ,  -17.0 ,  1549
-44.0 ,  -16.0 ,  1662
-44.0 ,  -15.0 ,  1806
-44.0 ,  -14.0 ,  2042
-44.0 ,  -13.0 ,  2275
-44.0 ,  -12.0 ,  2315
-44.0 ,  -11.0 ,  2510
-44.0 ,  -10.0 ,  2656
-44.0 ,  -9.0 ,  2860
-44.0 ,  -8.0 ,  3143
-44.0 ,  -7.0 ,  3334
-44.0 ,  -6.0 ,  3419
-44.0 ,  -5.0 ,  3491
-44.0 ,  -4.0 ,  3449
-44.0 ,  -3.0 ,  3491
-44.0 ,  -2.0 ,  3656
-44.0 ,  -1.0 ,  3432
-44.0 ,  0.0 ,  3047
-44.0 ,  1.0 ,  2768
-44.0 ,  2.0 ,  2742
-44.0 ,  3.0 ,  2672
-44.0 ,  4.0 ,  2514
-44.0 ,  5.0 ,  2190
-44.0 ,  6.0 ,  2065
-44.0 ,  7.0 ,  1685
-44.0 ,  8.0 ,  1510
-44.0 ,  9.0 ,  1482
-44.0 ,  10.0 ,  1401
-44.0 ,  11.0 ,  1326
-44.0 ,  12.0 ,  1326
-44.0 ,  13.0 ,  1045
-44.0 ,  14.0 ,  1045
-44.0 ,  15.0 ,  931
-44.0 ,  16.0 ,  916
-44.0 ,  17.0 ,  1079
-44.0 ,  18.0 ,  1111
-44.0 ,  19.0 ,  1161

-43.0 ,  -20.0 ,  1311
-43.0 ,  -19.0 ,  1305
-43.0 ,  -18.0 ,  1312
-43.0 ,  -17.0 ,  1453
-43.0 ,  -16.0 ,  1661
-43.0 ,  -15.0 ,  1790
-43.0 ,  -14.0 ,  2063
-43.0 ,  -13.0 ,  2357
-43.0 ,  -12.0 ,  2298
-43.0 ,  -11.0 ,  2807
-43.0 ,  -10.0 ,  3085
-43.0 ,  -9.0 ,  3364
-43.0 ,  -8.0 ,  3865
-43.0 ,  -7.0 ,  4376
-43.0 ,  -6.0 ,  4553
-43.0 ,  -5.0 ,  4883
-43.0 ,  -4.0 ,  4920
-43.0 ,  -3.0 ,  4635
-43.0 ,  -2.0 ,  4663
-43.0 ,  -1.0 ,  3821
-43.0 ,  0.0 ,  3835
-43.0 ,  1.0 ,  3395
-43.0 ,  2.0 ,  3220
-43.0 ,  3.0 ,  2980
-43.0 ,  4.0 ,  2664
-43.0 ,  5.0 ,  2469
-43.0 ,  6.0 ,  2152
-43.0 ,  7.0 ,  2038
-43.0 ,  8.0 ,  1735
-43.0 ,  9.0 ,  1684
-43.0 ,  10.0 ,  1586
-43.0 ,  11.0 ,  1459
-43.0 ,  12.0 ,  1076
-43.0 ,  13.0 ,  1049
-43.0 ,  14.0 ,  971
-43.0 ,  15.0 ,  1004
-43.0 ,  16.0 ,  1074
-43.0 ,  17.0 ,  1090
-43.0 ,  18.0 ,  1159
-43.0 ,  19.0 ,  1163

-42.0 ,  -20.0 ,  1446
-42.0 ,  -19.0 ,  1404
-42.0 ,  -18.0 ,  1488
-42.0 ,  -17.0 ,  1597
-42.0 ,  -16.0 ,  1891
-42.0 ,  -15.0 ,  2036
-42.0 ,  -14.0 ,  2373
-42.0 ,  -13.0 ,  2571
-42.0 ,  -12.0 ,  2568
-42.0 ,  -11.0 ,  3281
-42.0 ,  -10.0 ,  3789
-42.0 ,  -9.0 ,  3983
-42.0 ,  -8.0 ,  4864
-42.0 ,  -7.0 ,  5585
-42.0 ,  -6.0 ,  6145
-42.0 ,  -5.0 ,  6161
-42.0 ,  -4.0 ,  6218
-42.0 ,  -3.0 ,  6218
-42.0 ,  -2.0 ,  6145
-42.0 ,  -1.0 ,  5091
-42.0 ,  0.0 ,  4482
-42.0 ,  1.0 ,  4074
-42.0 ,  2.0 ,  3958
-42.0 ,  3.0 ,  3806
-42.0 ,  4.0 ,  3036
-42.0 ,  5.0 ,  2716
-42.0 ,  6.0 ,  2565
-42.0 ,  7.0 ,  2191
-42.0 ,  8.0 ,  1968
-42.0 ,  9.0 ,  1724
-42.0 ,  10.0 ,  1644
-42.0 ,  11.0 ,  1482
-42.0 ,  12.0 ,  1300
-42.0 ,  13.0 ,  1185
-42.0 ,  14.0 ,  1133
-42.0 ,  15.0 ,  1009
-42.0 ,  16.0 ,  1075
-42.0 ,  17.0 ,  974
-42.0 ,  18.0 ,  1114
-42.0 ,  19.0 ,  1037

-41.0 ,  -20.0 ,  1250
-41.0 ,  -19.0 ,  1400
-41.0 ,  -18.0 ,  1515
-41.0 ,  -17.0 ,  1725
-41.0 ,  -16.0 ,  1830
-41.0 ,  -15.0 ,  2002
-41.0 ,  -14.0 ,  2402
-41.0 ,  -13.0 ,  2607
-41.0 ,  -12.0 ,  3080
-41.0 ,  -11.0 ,  3769
-41.0 ,  -10.0 ,  3963
-41.0 ,  -9.0 ,  4901
-41.0 ,  -8.0 ,  5496
-41.0 ,  -7.0 ,  6193
-41.0 ,  -6.0 ,  6905
-41.0 ,  -5.0 ,  7154
-41.0 ,  -4.0 ,  7468
-41.0 ,  -3.0 ,  7295
-41.0 ,  -2.0 ,  6738
-41.0 ,  -1.0 ,  6273
-41.0 ,  0.0 ,  5433
-41.0 ,  1.0 ,  4967
-41.0 ,  2.0 ,  4185
-41.0 ,  3.0 ,  3955
-41.0 ,  4.0 ,  3806
-41.0 ,  5.0 ,  3037
-41.0 ,  6.0 ,  2691
-41.0 ,  7.0 ,  2229
-41.0 ,  8.0 ,  1953
-41.0 ,  9.0 ,  1735
-41.0 ,  10.0 ,  1626
-41.0 ,  11.0 ,  1388
-41.0 ,  12.0 ,  1378
-41.0 ,  13.0 ,  1187
-41.0 ,  14.0 ,  1086
-41.0 ,  15.0 ,  1117
-41.0 ,  16.0 ,  1086
-41.0 ,  17.0 ,  1116
-41.0 ,  18.0 ,  1096
-41.0 ,  19.0 ,  1127

-40.0 ,  -20.0 ,  1313
-40.0 ,  -19.0 ,  1354
-40.0 ,  -18.0 ,  1533
-40.0 ,  -17.0 ,  1679
-40.0 ,  -16.0 ,  1882
-40.0 ,  -15.0 ,  2116
-40.0 ,  -14.0 ,  2449
-40.0 ,  -13.0 ,  2848
-40.0 ,  -12.0 ,  3127
-40.0 ,  -11.0 ,  3769
-40.0 ,  -10.0 ,  4225
-40.0 ,  -9.0 ,  5095
-40.0 ,  -8.0 ,  5727
-40.0 ,  -7.0 ,  6869
-40.0 ,  -6.0 ,  7154
-40.0 ,  -5.0 ,  7573
-40.0 ,  -4.0 ,  7648
-40.0 ,  -3.0 ,  7433
-40.0 ,  -2.0 ,  7247
-40.0 ,  -1.0 ,  6738
-40.0 ,  0.0 ,  5839
-40.0 ,  1.0 ,  5476
-40.0 ,  2.0 ,  4613
-40.0 ,  3.0 ,  4063
-40.0 ,  4.0 ,  3865
-40.0 ,  5.0 ,  2998
-40.0 ,  6.0 ,  2815
-40.0 ,  7.0 ,  2188
-40.0 ,  8.0 ,  1921
-40.0 ,  9.0 ,  1746
-40.0 ,  10.0 ,  1592
-40.0 ,  11.0 ,  1490
-40.0 ,  12.0 ,  1359
-40.0 ,  13.0 ,  1329
-40.0 ,  14.0 ,  1295
-40.0 ,  15.0 ,  1214
-40.0 ,  16.0 ,  1088
-40.0 ,  17.0 ,  1073
-40.0 ,  18.0 ,  1057
-40.0 ,  19.0 ,  1123

-39.0 ,  -20.0 ,  1293
-39.0 ,  -19.0 ,  1385
-39.0 ,  -18.0 ,  1501
-39.0 ,  -17.0 ,  1669
-39.0 ,  -16.0 ,  1778
-39.0 ,  -15.0 ,  1955
-39.0 ,  -14.0 ,  2307
-39.0 ,  -13.0 ,  2776
-39.0 ,  -12.0 ,  3117
-39.0 ,  -11.0 ,  3683
-39.0 ,  -10.0 ,  4153
-39.0 ,  -9.0 ,  5119
-39.0 ,  -8.0 ,  5743
-39.0 ,  -7.0 ,  6842
-39.0 ,  -6.0 ,  6918
-39.0 ,  -5.0 ,  7525
-39.0 ,  -4.0 ,  7600
-39.0 ,  -3.0 ,  7438
-39.0 ,  -2.0 ,  7204
-39.0 ,  -1.0 ,  6946
-39.0 ,  0.0 ,  5879
-39.0 ,  1.0 ,  5499
-39.0 ,  2.0 ,  4732
-39.0 ,  3.0 ,  4145
-39.0 ,  4.0 ,  3884
-39.0 ,  5.0 ,  3041
-39.0 ,  6.0 ,  2768
-39.0 ,  7.0 ,  2219
-39.0 ,  8.0 ,  1915
-39.0 ,  9.0 ,  1792
-39.0 ,  10.0 ,  1588
-39.0 ,  11.0 ,  1438
-39.0 ,  12.0 ,  1438
-39.0 ,  13.0 ,  1233
-39.0 ,  14.0 ,  1213
-39.0 ,  15.0 ,  1067
-39.0 ,  16.0 ,  1069
-39.0 ,  17.0 ,  1078
-39.0 ,  18.0 ,  1057
-39.0 ,  19.0 ,  1123

-38.0 ,  -20.0 ,  1390
-38.0 ,  -19.0 ,  1443
-38.0 ,  -18.0 ,  1443
-38.0 ,  -17.0 ,  1551
-38.0 ,  -16.0 ,  1675
-38.0 ,  -15.0 ,  1792
-38.0 ,  -14.0 ,  2321
-38.0 ,  -13.0 ,  2593
-38.0 ,  -12.0 ,  2652
-38.0 ,  -11.0 ,  3029
-38.0 ,  -10.0 ,  3714
-38.0 ,  -9.0 ,  4655
-38.0 ,  -8.0 ,  5171
-38.0 ,  -7.0 ,  5905
-38.0 ,  -6.0 ,  6660
-38.0 ,  -5.0 ,  6741
-38.0 ,  -4.0 ,  7243
-38.0 ,  -3.0 ,  7153
-38.0 ,  -2.0 ,  6946
-38.0 ,  -1.0 ,  5892
-38.0 ,  0.0 ,  5742
-38.0 ,  1.0 ,  4967
-38.0 ,  2.0 ,  4399
-38.0 ,  3.0 ,  3884
-38.0 ,  4.0 ,  3382
-38.0 ,  5.0 ,  2768
-38.0 ,  6.0 ,  2293
-38.0 ,  7.0 ,  2146
-38.0 ,  8.0 ,  1814
-38.0 ,  9.0 ,  1596
-38.0 ,  10.0 ,  1521
-38.0 ,  11.0 ,  1360
-38.0 ,  12.0 ,  1313
-38.0 ,  13.0 ,  1323
-38.0 ,  14.0 ,  1155
-38.0 ,  15.0 ,  1092
-38.0 ,  16.0 ,  1088
-38.0 ,  17.0 ,  1101
-38.0 ,  18.0 ,  1069
-38.0 ,  19.0 ,  1085

-37.0 ,  -20.0 ,  1333
-37.0 ,  -19.0 ,  1374
-37.0 ,  -18.0 ,  1373
-37.0 ,  -17.0 ,  1349
-37.0 ,  -16.0 ,  1626
-37.0 ,  -15.0 ,  1679
-37.0 ,  -14.0 ,  1819
-37.0 ,  -13.0 ,  2155
-37.0 ,  -12.0 ,  2469
-37.0 ,  -11.0 ,  2637
-37.0 ,  -10.0 ,  3096
-37.0 ,  -9.0 ,  3764
-37.0 ,  -8.0 ,  4105
-37.0 ,  -7.0 ,  5147
-37.0 ,  -6.0 ,  5745
-37.0 ,  -5.0 ,  5779
-37.0 ,  -4.0 ,  6062
-37.0 ,  -3.0 ,  6051
-37.0 ,  -2.0 ,  5772
-37.0 ,  -1.0 ,  5647
-37.0 ,  0.0 ,  4963
-37.0 ,  1.0 ,  4399
-37.0 ,  2.0 ,  3734
-37.0 ,  3.0 ,  3398
-37.0 ,  4.0 ,  2768
-37.0 ,  5.0 ,  2441
-37.0 ,  6.0 ,  2287
-37.0 ,  7.0 ,  1759
-37.0 ,  8.0 ,  1668
-37.0 ,  9.0 ,  1531
-37.0 ,  10.0 ,  1346
-37.0 ,  11.0 ,  1169
-37.0 ,  12.0 ,  1230
-37.0 ,  13.0 ,  1230
-37.0 ,  14.0 ,  1128
-37.0 ,  15.0 ,  1186
-37.0 ,  16.0 ,  1118
-37.0 ,  17.0 ,  1116
-37.0 ,  18.0 ,  1142
-37.0 ,  19.0 ,  1041

-36.0 ,  -20.0 ,  1352
-36.0 ,  -19.0 ,  1315
-36.0 ,  -18.0 ,  1255
-36.0 ,  -17.0 ,  1276
-36.0 ,  -16.0 ,  1399
-36.0 ,  -15.0 ,  1645
-36.0 ,  -14.0 ,  1698
-36.0 ,  -13.0 ,  1730
-36.0 ,  -12.0 ,  2193
-36.0 ,  -11.0 ,  2282
-36.0 ,  -10.0 ,  2676
-36.0 ,  -9.0 ,  2962
-36.0 ,  -8.0 ,  3324
-36.0 ,  -7.0 ,  4114
-36.0 ,  -6.0 ,  4503
-36.0 ,  -5.0 ,  4960
-36.0 ,  -4.0 ,  4832
-36.0 ,  -3.0 ,  4741
-36.0 ,  -2.0 ,  4878
-36.0 ,  -1.0 ,  4448
-36.0 ,  0.0 ,  4132
-36.0 ,  1.0 ,  3589
-36.0 ,  2.0 ,  3077
-36.0 ,  3.0 ,  2642
-36.0 ,  4.0 ,  2370
-36.0 ,  5.0 ,  2225
-36.0 ,  6.0 ,  1697
-36.0 ,  7.0 ,  1598
-36.0 ,  8.0 ,  1524
-36.0 ,  9.0 ,  1313
-36.0 ,  10.0 ,  1278
-36.0 ,  11.0 ,  1341
-36.0 ,  12.0 ,  1194
-36.0 ,  13.0 ,  1189
-36.0 ,  14.0 ,  1093
-36.0 ,  15.0 ,  1093
-36.0 ,  16.0 ,  1079
-36.0 ,  17.0 ,  1116
-36.0 ,  18.0 ,  1062
-36.0 ,  19.0 ,  984

-35.0 ,  -20.0 ,  1195
-35.0 ,  -19.0 ,  1177
-35.0 ,  -18.0 ,  1158
-35.0 ,  -17.0 ,  1284
-35.0 ,  -16.0 ,  1300
-35.0 ,  -15.0 ,  1362
-35.0 ,  -14.0 ,  1574
-35.0 ,  -13.0 ,  1628
-35.0 ,  -12.0 ,  1748
-35.0 ,  -11.0 ,  1845
-35.0 ,  -10.0 ,  2138
-35.0 ,  -9.0 ,  2138
-35.0 ,  -8.0 ,  2313
-35.0 ,  -7.0 ,  2792
-35.0 ,  -6.0 ,  3104
-35.0 ,  -5.0 ,  3302
-35.0 ,  -4.0 ,  3608
-35.0 ,  -3.0 ,  3636
-35.0 ,  -2.0 ,  3799
-35.0 ,  -1.0 ,  3325
-35.0 ,  0.0 ,  2677
-35.0 ,  1.0 ,  2624
-35.0 ,  2.0 ,  2474
-35.0 ,  3.0 ,  2130
-35.0 ,  4.0 ,  1948
-35.0 ,  5.0 ,  1682
-35.0 ,  6.0 ,  1616
-35.0 ,  7.0 ,  1459
-35.0 ,  8.0 ,  1524
-35.0 ,  9.0 ,  1446
-35.0 ,  10.0 ,  1359
-35.0 ,  11.0 ,  1262
-35.0 ,  12.0 ,  1194
-35.0 ,  13.0 ,  1189
-35.0 ,  14.0 ,  1171
-35.0 ,  15.0 ,  1218
-35.0 ,  16.0 ,  1079
-35.0 ,  17.0 ,  1014
-35.0 ,  18.0 ,  921
-35.0 ,  19.0 ,  898

-34.0 ,  -20.0 ,  1162
-34.0 ,  -19.0 ,  1034
-34.0 ,  -18.0 ,  1236
-34.0 ,  -17.0 ,  1267
-34.0 ,  -16.0 ,  1350
-34.0 ,  -15.0 ,  1445
-34.0 ,  -14.0 ,  1472
-34.0 ,  -13.0 ,  1477
-34.0 ,  -12.0 ,  1590
-34.0 ,  -11.0 ,  1628
-34.0 ,  -10.0 ,  1782
-34.0 ,  -9.0 ,  2057
-34.0 ,  -8.0 ,  2189
-34.0 ,  -7.0 ,  2189
-34.0 ,  -6.0 ,  2697
-34.0 ,  -5.0 ,  2713
-34.0 ,  -4.0 ,  2705
-34.0 ,  -3.0 ,  2496
-34.0 ,  -2.0 ,  2317
-34.0 ,  -1.0 ,  2222
-34.0 ,  0.0 ,  2225
-34.0 ,  1.0 ,  2150
-34.0 ,  2.0 ,  2002
-34.0 ,  3.0 ,  1719
-34.0 ,  4.0 ,  1818
-34.0 ,  5.0 ,  1519
-34.0 ,  6.0 ,  1484
-34.0 ,  7.0 ,  1530
-34.0 ,  8.0 ,  1514
-34.0 ,  9.0 ,  1295
-34.0 ,  10.0 ,  1386
-34.0 ,  11.0 ,  1276
-34.0 ,  12.0 ,  1159
-34.0 ,  13.0 ,  1173
-34.0 ,  14.0 ,  1152
-34.0 ,  15.0 ,  1162
-34.0 ,  16.0 ,  1114
-34.0 ,  17.0 ,  1014
-34.0 ,  18.0 ,  1046
-34.0 ,  19.0 ,  885

-33.0 ,  -20.0 ,  1148
-33.0 ,  -19.0 ,  1144
-33.0 ,  -18.0 ,  1052
-33.0 ,  -17.0 ,  1155
-33.0 ,  -16.0 ,  1219
-33.0 ,  -15.0 ,  1235
-33.0 ,  -14.0 ,  1140
-33.0 ,  -13.0 ,  1292
-33.0 ,  -12.0 ,  1228
-33.0 ,  -11.0 ,  1568
-33.0 ,  -10.0 ,  1549
-33.0 ,  -9.0 ,  1601
-33.0 ,  -8.0 ,  1706
-33.0 ,  -7.0 ,  1758
-33.0 ,  -6.0 ,  1758
-33.0 ,  -5.0 ,  2094
-33.0 ,  -4.0 ,  2169
-33.0 ,  -3.0 ,  2182
-33.0 ,  -2.0 ,  2330
-33.0 ,  -1.0 ,  2064
-33.0 ,  0.0 ,  1927
-33.0 ,  1.0 ,  1827
-33.0 ,  2.0 ,  1782
-33.0 ,  3.0 ,  1668
-33.0 ,  4.0 ,  1599
-33.0 ,  5.0 ,  1484
-33.0 ,  6.0 ,  1440
-33.0 ,  7.0 ,  1420
-33.0 ,  8.0 ,  1468
-33.0 ,  9.0 ,  1276
-33.0 ,  10.0 ,  1276
-33.0 ,  11.0 ,  1211
-33.0 ,  12.0 ,  1246
-33.0 ,  13.0 ,  1246
-33.0 ,  14.0 ,  1246
-33.0 ,  15.0 ,  1140
-33.0 ,  16.0 ,  912
-33.0 ,  17.0 ,  977
-33.0 ,  18.0 ,  1115
-33.0 ,  19.0 ,  885

-32.0 ,  -20.0 ,  1179
-32.0 ,  -19.0 ,  1149
-32.0 ,  -18.0 ,  1149
-32.0 ,  -17.0 ,  1046
-32.0 ,  -16.0 ,  1036
-32.0 ,  -15.0 ,  1149
-32.0 ,  -14.0 ,  1106
-32.0 ,  -13.0 ,  1210
-32.0 ,  -12.0 ,  1246
-32.0 ,  -11.0 ,  1355
-32.0 ,  -10.0 ,  1445
-32.0 ,  -9.0 ,  1544
-32.0 ,  -8.0 ,  1537
-32.0 ,  -7.0 ,  1647
-32.0 ,  -6.0 ,  1689
-32.0 ,  -5.0 ,  1725
-32.0 ,  -4.0 ,  1692
-32.0 ,  -3.0 ,  1717
-32.0 ,  -2.0 ,  1672
-32.0 ,  -1.0 ,  1587
-32.0 ,  0.0 ,  1740
-32.0 ,  1.0 ,  1541
-32.0 ,  2.0 ,  1539
-32.0 ,  3.0 ,  1516
-32.0 ,  4.0 ,  1351
-32.0 ,  5.0 ,  1344
-32.0 ,  6.0 ,  1348
-32.0 ,  7.0 ,  1289
-32.0 ,  8.0 ,  1300
-32.0 ,  9.0 ,  1150
-32.0 ,  10.0 ,  1142
-32.0 ,  11.0 ,  1160
-32.0 ,  12.0 ,  1176
-32.0 ,  13.0 ,  1227
-32.0 ,  14.0 ,  1194
-32.0 ,  15.0 ,  1001
-32.0 ,  16.0 ,  1001
-32.0 ,  17.0 ,  1103
-32.0 ,  18.0 ,  993
-32.0 ,  19.0 ,  1029

-31.0 ,  -20.0 ,  1205
-31.0 ,  -19.0 ,  1292
-31.0 ,  -18.0 ,  1167
-31.0 ,  -17.0 ,  983
-31.0 ,  -16.0 ,  984
-31.0 ,  -15.0 ,  1015
-31.0 ,  -14.0 ,  1022
-31.0 ,  -13.0 ,  1176
-31.0 ,  -12.0 ,  1225
-31.0 ,  -11.0 ,  1303
-31.0 ,  -10.0 ,  1409
-31.0 ,  -9.0 ,  1426
-31.0 ,  -8.0 ,  1387
-31.0 ,  -7.0 ,  1387
-31.0 ,  -6.0 ,  1572
-31.0 ,  -5.0 ,  1571
-31.0 ,  -4.0 ,  1679
-31.0 ,  -3.0 ,  1538
-31.0 ,  -2.0 ,  1520
-31.0 ,  -1.0 ,  1416
-31.0 ,  0.0 ,  1427
-31.0 ,  1.0 ,  1361
-31.0 ,  2.0 ,  1303
-31.0 ,  3.0 ,  1311
-31.0 ,  4.0 ,  1303
-31.0 ,  5.0 ,  1235
-31.0 ,  6.0 ,  1228
-31.0 ,  7.0 ,  1221
-31.0 ,  8.0 ,  1273
-31.0 ,  9.0 ,  1113
-31.0 ,  10.0 ,  1101
-31.0 ,  11.0 ,  1138
-31.0 ,  12.0 ,  1139
-31.0 ,  13.0 ,  1197
-31.0 ,  14.0 ,  1220
-31.0 ,  15.0 ,  1135
-31.0 ,  16.0 ,  1018
-31.0 ,  17.0 ,  1018
-31.0 ,  18.0 ,  945
-31.0 ,  19.0 ,  1094

-30.0 ,  -20.0 ,  1212
-30.0 ,  -19.0 ,  1240
-30.0 ,  -18.0 ,  1267
-30.0 ,  -17.0 ,  1015
-30.0 ,  -16.0 ,  981
-30.0 ,  -15.0 ,  984
-30.0 ,  -14.0 ,  969
-30.0 ,  -13.0 ,  1255
-30.0 ,  -12.0 ,  1279
-30.0 ,  -11.0 ,  1293
-30.0 ,  -10.0 ,  1335
-30.0 ,  -9.0 ,  1301
-30.0 ,  -8.0 ,  1267
-30.0 ,  -7.0 ,  1300
-30.0 ,  -6.0 ,  1308
-30.0 ,  -5.0 ,  1470
-30.0 ,  -4.0 ,  1513
-30.0 ,  -3.0 ,  1430
-30.0 ,  -2.0 ,  1383
-30.0 ,  -1.0 ,  1373
-30.0 ,  0.0 ,  1355
-30.0 ,  1.0 ,  1221
-30.0 ,  2.0 ,  1221
-30.0 ,  3.0 ,  1269
-30.0 ,  4.0 ,  1336
-30.0 ,  5.0 ,  1301
-30.0 ,  6.0 ,  1235
-30.0 ,  7.0 ,  1251
-30.0 ,  8.0 ,  1251
-30.0 ,  9.0 ,  1203
-30.0 ,  10.0 ,  1133
-30.0 ,  11.0 ,  1138
-30.0 ,  12.0 ,  1130
-30.0 ,  13.0 ,  1053
-30.0 ,  14.0 ,  1197
-30.0 ,  15.0 ,  1191
-30.0 ,  16.0 ,  1193
-30.0 ,  17.0 ,  1248
-30.0 ,  18.0 ,  1050
-30.0 ,  19.0 ,  1080

-29.0 ,  -20.0 ,  1245
-29.0 ,  -19.0 ,  1196
-29.0 ,  -18.0 ,  1267
-29.0 ,  -17.0 ,  1278
-29.0 ,  -16.0 ,  1148
-29.0 ,  -15.0 ,  1215
-29.0 ,  -14.0 ,  1215
-29.0 ,  -13.0 ,  1195
-29.0 ,  -12.0 ,  1279
-29.0 ,  -11.0 ,  1296
-29.0 ,  -10.0 ,  1335
-29.0 ,  -9.0 ,  1301
-29.0 ,  -8.0 ,  1294
-29.0 ,  -7.0 ,  1327
-29.0 ,  -6.0 ,  1434
-29.0 ,  -5.0 ,  1446
-29.0 ,  -4.0 ,  1428
-29.0 ,  -3.0 ,  1296
-29.0 ,  -2.0 ,  1296
-29.0 ,  -1.0 ,  1373
-29.0 ,  0.0 ,  1355
-29.0 ,  1.0 ,  1275
-29.0 ,  2.0 ,  1275
-29.0 ,  3.0 ,  1278
-29.0 ,  4.0 ,  1304
-29.0 ,  5.0 ,  1367
-29.0 ,  6.0 ,  1283
-29.0 ,  7.0 ,  1339
-29.0 ,  8.0 ,  1316
-29.0 ,  9.0 ,  1232
-29.0 ,  10.0 ,  1254
-29.0 ,  11.0 ,  1245
-29.0 ,  12.0 ,  1186
-29.0 ,  13.0 ,  1069
-29.0 ,  14.0 ,  1324
-29.0 ,  15.0 ,  1193
-29.0 ,  16.0 ,  1228
-29.0 ,  17.0 ,  1214
-29.0 ,  18.0 ,  1228
-29.0 ,  19.0 ,  1146

-28.0 ,  -20.0 ,  975
-28.0 ,  -19.0 ,  1190
-28.0 ,  -18.0 ,  1278
-28.0 ,  -17.0 ,  1278
-28.0 ,  -16.0 ,  1269
-28.0 ,  -15.0 ,  1220
-28.0 ,  -14.0 ,  1215
-28.0 ,  -13.0 ,  1237
-28.0 ,  -12.0 ,  1189
-28.0 ,  -11.0 ,  1276
-28.0 ,  -10.0 ,  1169
-28.0 ,  -9.0 ,  1360
-28.0 ,  -8.0 ,  1367
-28.0 ,  -7.0 ,  1382
-28.0 ,  -6.0 ,  1447
-28.0 ,  -5.0 ,  1393
-28.0 ,  -4.0 ,  1250
-28.0 ,  -3.0 ,  1272
-28.0 ,  -2.0 ,  1291
-28.0 ,  -1.0 ,  1235
-28.0 ,  0.0 ,  1355
-28.0 ,  1.0 ,  1293
-28.0 ,  2.0 ,  1331
-28.0 ,  3.0 ,  1313
-28.0 ,  4.0 ,  1305
-28.0 ,  5.0 ,  1224
-28.0 ,  6.0 ,  1157
-28.0 ,  7.0 ,  1253
-28.0 ,  8.0 ,  1297
-28.0 ,  9.0 ,  1243
-28.0 ,  10.0 ,  1181
-28.0 ,  11.0 ,  1212
-28.0 ,  12.0 ,  1207
-28.0 ,  13.0 ,  1207
-28.0 ,  14.0 ,  1196
-28.0 ,  15.0 ,  1097
-28.0 ,  16.0 ,  1228
-28.0 ,  17.0 ,  1198
-28.0 ,  18.0 ,  1198
-28.0 ,  19.0 ,  1050

-27.0 ,  -20.0 ,  978
-27.0 ,  -19.0 ,  1093
-27.0 ,  -18.0 ,  1229
-27.0 ,  -17.0 ,  1248
-27.0 ,  -16.0 ,  1243
-27.0 ,  -15.0 ,  1207
-27.0 ,  -14.0 ,  1287
-27.0 ,  -13.0 ,  1245
-27.0 ,  -12.0 ,  1224
-27.0 ,  -11.0 ,  1256
-27.0 ,  -10.0 ,  1221
-27.0 ,  -9.0 ,  1209
-27.0 ,  -8.0 ,  1298
-27.0 ,  -7.0 ,  1375
-27.0 ,  -6.0 ,  1289
-27.0 ,  -5.0 ,  1286
-27.0 ,  -4.0 ,  1188
-27.0 ,  -3.0 ,  1092
-27.0 ,  -2.0 ,  1163
-27.0 ,  -1.0 ,  1238
-27.0 ,  0.0 ,  1228
-27.0 ,  1.0 ,  1306
-27.0 ,  2.0 ,  1248
-27.0 ,  3.0 ,  1313
-27.0 ,  4.0 ,  1290
-27.0 ,  5.0 ,  1246
-27.0 ,  6.0 ,  957
-27.0 ,  7.0 ,  1105
-27.0 ,  8.0 ,  1063
-27.0 ,  9.0 ,  1421
-27.0 ,  10.0 ,  1212
-27.0 ,  11.0 ,  1181
-27.0 ,  12.0 ,  1196
-27.0 ,  13.0 ,  1180
-27.0 ,  14.0 ,  1180
-27.0 ,  15.0 ,  1030
-27.0 ,  16.0 ,  1208
-27.0 ,  17.0 ,  1122
-27.0 ,  18.0 ,  1115
-27.0 ,  19.0 ,  1048

-26.0 ,  -20.0 ,  1113
-26.0 ,  -19.0 ,  1103
-26.0 ,  -18.0 ,  1266
-26.0 ,  -17.0 ,  1226
-26.0 ,  -16.0 ,  1226
-26.0 ,  -15.0 ,  1097
-26.0 ,  -14.0 ,  1151
-26.0 ,  -13.0 ,  1205
-26.0 ,  -12.0 ,  1192
-26.0 ,  -11.0 ,  1217
-26.0 ,  -10.0 ,  1221
-26.0 ,  -9.0 ,  1266
-26.0 ,  -8.0 ,  1321
-26.0 ,  -7.0 ,  1321
-26.0 ,  -6.0 ,  1180
-26.0 ,  -5.0 ,  1213
-26.0 ,  -4.0 ,  1201
-26.0 ,  -3.0 ,  1188
-26.0 ,  -2.0 ,  1227
-26.0 ,  -1.0 ,  1217
-26.0 ,  0.0 ,  1232
-26.0 ,  1.0 ,  1349
-26.0 ,  2.0 ,  1256
-26.0 ,  3.0 ,  1246
-26.0 ,  4.0 ,  1237
-26.0 ,  5.0 ,  1110
-26.0 ,  6.0 ,  1105
-26.0 ,  7.0 ,  1258
-26.0 ,  8.0 ,  1247
-26.0 ,  9.0 ,  1346
-26.0 ,  10.0 ,  1299
-26.0 ,  11.0 ,  1209
-26.0 ,  12.0 ,  1154
-26.0 ,  13.0 ,  1185
-26.0 ,  14.0 ,  1164
-26.0 ,  15.0 ,  1164
-26.0 ,  16.0 ,  1152
-26.0 ,  17.0 ,  1130
-26.0 ,  18.0 ,  1130
-26.0 ,  19.0 ,  1052

-25.0 ,  -20.0 ,  1196
-25.0 ,  -19.0 ,  1221
-25.0 ,  -18.0 ,  1353
-25.0 ,  -17.0 ,  1250
-25.0 ,  -16.0 ,  1181
-25.0 ,  -15.0 ,  1161
-25.0 ,  -14.0 ,  1204
-25.0 ,  -13.0 ,  1187
-25.0 ,  -12.0 ,  1181
-25.0 ,  -11.0 ,  1102
-25.0 ,  -10.0 ,  1195
-25.0 ,  -9.0 ,  1286
-25.0 ,  -8.0 ,  1462
-25.0 ,  -7.0 ,  1227
-25.0 ,  -6.0 ,  913
-25.0 ,  -5.0 ,  1100
-25.0 ,  -4.0 ,  1306
-25.0 ,  -3.0 ,  1297
-25.0 ,  -2.0 ,  1306
-25.0 ,  -1.0 ,  1328
-25.0 ,  0.0 ,  1367
-25.0 ,  1.0 ,  1366
-25.0 ,  2.0 ,  1366
-25.0 ,  3.0 ,  1369
-25.0 ,  4.0 ,  1190
-25.0 ,  5.0 ,  1190
-25.0 ,  6.0 ,  1104
-25.0 ,  7.0 ,  1242
-25.0 ,  8.0 ,  1290
-25.0 ,  9.0 ,  1290
-25.0 ,  10.0 ,  1333
-25.0 ,  11.0 ,  1176
-25.0 ,  12.0 ,  1130
-25.0 ,  13.0 ,  1164
-25.0 ,  14.0 ,  1084
-25.0 ,  15.0 ,  1164
-25.0 ,  16.0 ,  1152
-25.0 ,  17.0 ,  1040
-25.0 ,  18.0 ,  1077
-25.0 ,  19.0 ,  1060

-24.0 ,  -20.0 ,  1379
-24.0 ,  -19.0 ,  1269
-24.0 ,  -18.0 ,  1255
-24.0 ,  -17.0 ,  1200
-24.0 ,  -16.0 ,  1181
-24.0 ,  -15.0 ,  1142
-24.0 ,  -14.0 ,  1359
-24.0 ,  -13.0 ,  1359
-24.0 ,  -12.0 ,  1180
-24.0 ,  -11.0 ,  1169
-24.0 ,  -10.0 ,  1218
-24.0 ,  -9.0 ,  1205
-24.0 ,  -8.0 ,  1117
-24.0 ,  -7.0 ,  1205
-24.0 ,  -6.0 ,  1309
-24.0 ,  -5.0 ,  1207
-24.0 ,  -4.0 ,  1347
-24.0 ,  -3.0 ,  1207
-24.0 ,  -2.0 ,  1324
-24.0 ,  -1.0 ,  1343
-24.0 ,  0.0 ,  1366
-24.0 ,  1.0 ,  1327
-24.0 ,  2.0 ,  1353
-24.0 ,  3.0 ,  1343
-24.0 ,  4.0 ,  1297
-24.0 ,  5.0 ,  1100
-24.0 ,  6.0 ,  1224
-24.0 ,  7.0 ,  1223
-24.0 ,  8.0 ,  1277
-24.0 ,  9.0 ,  1258
-24.0 ,  10.0 ,  1341
-24.0 ,  11.0 ,  1281
-24.0 ,  12.0 ,  1207
-24.0 ,  13.0 ,  1164
-24.0 ,  14.0 ,  1135
-24.0 ,  15.0 ,  1123
-24.0 ,  16.0 ,  1078
-24.0 ,  17.0 ,  1110
-24.0 ,  18.0 ,  1121
-24.0 ,  19.0 ,  1077

-23.0 ,  -20.0 ,  1389
-23.0 ,  -19.0 ,  1322
-23.0 ,  -18.0 ,  1335
-23.0 ,  -17.0 ,  1092
-23.0 ,  -16.0 ,  1171
-23.0 ,  -15.0 ,  1132
-23.0 ,  -14.0 ,  1358
-23.0 ,  -13.0 ,  1353
-23.0 ,  -12.0 ,  1243
-23.0 ,  -11.0 ,  1206
-23.0 ,  -10.0 ,  1148
-23.0 ,  -9.0 ,  1228
-23.0 ,  -8.0 ,  1359
-23.0 ,  -7.0 ,  1385
-23.0 ,  -6.0 ,  1110
-23.0 ,  -5.0 ,  1176
-23.0 ,  -4.0 ,  1336
-23.0 ,  -3.0 ,  1196
-23.0 ,  -2.0 ,  1306
-23.0 ,  -1.0 ,  1463
-23.0 ,  0.0 ,  1366
-23.0 ,  1.0 ,  1317
-23.0 ,  2.0 ,  1334
-23.0 ,  3.0 ,  1252
-23.0 ,  4.0 ,  1297
-23.0 ,  5.0 ,  1181
-23.0 ,  6.0 ,  1132
-23.0 ,  7.0 ,  1258
-23.0 ,  8.0 ,  1280
-23.0 ,  9.0 ,  1327
-23.0 ,  10.0 ,  1327
-23.0 ,  11.0 ,  1327
-23.0 ,  12.0 ,  1201
-23.0 ,  13.0 ,  1182
-23.0 ,  14.0 ,  1167
-23.0 ,  15.0 ,  1163
-23.0 ,  16.0 ,  1078
-23.0 ,  17.0 ,  1062
-23.0 ,  18.0 ,  976
-23.0 ,  19.0 ,  962

-22.0 ,  -20.0 ,  1325
-22.0 ,  -19.0 ,  1185
-22.0 ,  -18.0 ,  1169
-22.0 ,  -17.0 ,  1092
-22.0 ,  -16.0 ,  1311
-22.0 ,  -15.0 ,  1293
-22.0 ,  -14.0 ,  1324
-22.0 ,  -13.0 ,  1328
-22.0 ,  -12.0 ,  1235
-22.0 ,  -11.0 ,  1218
-22.0 ,  -10.0 ,  1285
-22.0 ,  -9.0 ,  1275
-22.0 ,  -8.0 ,  1259
-22.0 ,  -7.0 ,  1118
-22.0 ,  -6.0 ,  1422
-22.0 ,  -5.0 ,  1387
-22.0 ,  -4.0 ,  1387
-22.0 ,  -3.0 ,  1279
-22.0 ,  -2.0 ,  1341
-22.0 ,  -1.0 ,  1341
-22.0 ,  0.0 ,  1293
-22.0 ,  1.0 ,  1215
-22.0 ,  2.0 ,  1307
-22.0 ,  3.0 ,  1216
-22.0 ,  4.0 ,  1188
-22.0 ,  5.0 ,  1103
-22.0 ,  6.0 ,  1072
-22.0 ,  7.0 ,  1205
-22.0 ,  8.0 ,  1215
-22.0 ,  9.0 ,  1281
-22.0 ,  10.0 ,  1281
-22.0 ,  11.0 ,  1361
-22.0 ,  12.0 ,  1090
-22.0 ,  13.0 ,  1175
-22.0 ,  14.0 ,  1167
-22.0 ,  15.0 ,  1253
-22.0 ,  16.0 ,  1074
-22.0 ,  17.0 ,  1152
-22.0 ,  18.0 ,  960
-22.0 ,  19.0 ,  962

-21.0 ,  -20.0 ,  1126
-21.0 ,  -19.0 ,  1163
-21.0 ,  -18.0 ,  1301
-21.0 ,  -17.0 ,  1163
-21.0 ,  -16.0 ,  1311
-21.0 ,  -15.0 ,  1310
-21.0 ,  -14.0 ,  1324
-21.0 ,  -13.0 ,  1288
-21.0 ,  -12.0 ,  1235
-21.0 ,  -11.0 ,  1131
-21.0 ,  -10.0 ,  1133
-21.0 ,  -9.0 ,  1127
-21.0 ,  -8.0 ,  1243
-21.0 ,  -7.0 ,  1276
-21.0 ,  -6.0 ,  1363
-21.0 ,  -5.0 ,  1328
-21.0 ,  -4.0 ,  1387
-21.0 ,  -3.0 ,  1371
-21.0 ,  -2.0 ,  1371
-21.0 ,  -1.0 ,  1367
-21.0 ,  0.0 ,  1376
-21.0 ,  1.0 ,  1294
-21.0 ,  2.0 ,  1270
-21.0 ,  3.0 ,  1303
-21.0 ,  4.0 ,  1245
-21.0 ,  5.0 ,  1159
-21.0 ,  6.0 ,  1088
-21.0 ,  7.0 ,  1222
-21.0 ,  8.0 ,  1263
-21.0 ,  9.0 ,  1266
-21.0 ,  10.0 ,  1276
-21.0 ,  11.0 ,  1139
-21.0 ,  12.0 ,  1090
-21.0 ,  13.0 ,  1111
-21.0 ,  14.0 ,  1085
-21.0 ,  15.0 ,  1133
-21.0 ,  16.0 ,  1041
-21.0 ,  17.0 ,  1171
-21.0 ,  18.0 ,  1049
-21.0 ,  19.0 ,  1099

